,skutertiaryid,salerevenuerub,soldpieces,week,year
0,7182,4067298.7075700094,48862,17,2018
1,7182,781159.9941000248,9381,18,2018
2,7182,3837060.2617099937,46044,18,2018
3,7182,4894994.942820163,63986,19,2018
4,7182,4523048.745850084,57705,20,2018
5,7182,3870714.04933002,47347,21,2018
6,7182,1882508.2139200375,22893,22,2018
7,7182,1494338.5798600356,18154,22,2018
8,7182,3457826.8921400313,43319,23,2018
9,7182,3827900.8285400257,48657,24,2018
10,7182,3869513.9739900203,47218,25,2018
11,7182,3623951.8841100316,43531,26,2018
12,7182,536370.8225100049,6422,26,2018
13,7182,3560057.2606300474,42571,27,2018
14,7182,3738233.0026000342,44782,28,2018
15,7182,3352379.567530036,40367,29,2018
16,7182,3675956.329630027,44176,30,2018
17,7182,1056081.6008500336,12704,31,2018
18,7182,2920309.4659900283,35157,31,2018
19,7182,3882682.820600039,46639,32,2018
20,7182,4813782.853510232,62314,33,2018
21,7182,4813894.875040378,63419,34,2018
22,7182,3063060.6999501395,38373,35,2018
23,7182,1313296.9005000242,15839,35,2018
24,7182,3648485.686550114,44117,36,2018
25,7182,3579787.981630125,43389,37,2018
26,7182,3387343.8377800966,40978,38,2018
27,7182,3096586.570260097,37595,39,2018
28,7182,3249423.430010092,39426,40,2018
29,7182,5689787.13767001,81672,41,2018
30,7182,5007716.470059994,67278,42,2018
31,7182,3981831.1004801188,49553,43,2018
32,7182,1410331.4564100276,17262,44,2018
33,7182,2372660.1503800596,28822,44,2018
34,7182,3519186.441380115,42698,45,2018
35,7182,3448168.5915501188,41731,46,2018
36,7182,4703639.872889959,66881,47,2018
37,7182,2599177.806669871,34332,48,2018
38,7182,1011997.6817200156,11422,48,2018
39,7182,3292894.498439753,37079,49,2018
40,7182,3616745.1880996926,40617,50,2018
41,7182,6005387.267329986,85453,51,2018
42,7182,9673963.213210143,142326,52,2018
43,7182,13168836.973200038,195914,1,2019
44,7182,6267215.094000034,83211,2,2019
45,7182,3626309.493600129,40234,3,2019
46,7182,3321276.3192001176,36954,4,2019
47,7182,1833722.934599993,20368,5,2019
48,7182,1669715.3981999962,18559,5,2019
49,7182,3717438.2436001473,41292,6,2019
50,7182,7026509.984999902,101678,7,2019
51,7182,5825552.623200005,77745,8,2019
52,7182,2059668.55200001,24309,9,2019
53,7182,1713062.7353999943,19286,9,2019
54,7182,6669174.203399892,94690,10,2019
55,7182,7314347.39939985,109537,11,2019
56,7182,5895561.835799919,79205,12,2019
57,7182,4529573.365799993,53515,13,2019
58,7182,4202351.356799977,48478,14,2019
59,7182,4429686.075600012,51084,15,2019
60,7182,4270907.684999974,49240,16,2019
61,7182,8025399.439799954,115277,17,2019
62,7182,2059747.9302002015,31008,18,2019
63,7182,4038804.4373999895,49630,18,2019
64,7182,5720080.359000122,67195,19,2019
65,7182,4466629.531200039,51435,20,2019
66,7182,4050338.877600031,46626,21,2019
67,7182,3159980.3070000107,36292,22,2019
68,7182,32536433.419799827,440627,22,2019
69,7182,7356253.822199987,98940,27,2019
70,7182,4460293.205999998,51392,28,2019
71,7182,6564005.9999998985,93655,29,2019
72,7182,5710728.87059998,73519,30,2019
73,7182,1671570.4176000494,19366,31,2019
74,7182,2348957.7222000705,27150,31,2019
75,7182,4002508.7525999886,46205,32,2019
76,7182,4412339.812800013,51366,33,2019
77,7182,4694954.226000024,54894,34,2019
78,7182,3546366.514799974,40902,35,2019
79,7182,649521.3953999783,7472,35,2019
80,7182,4252356.715799939,48790,36,2019
81,7182,4110959.8710001563,46711,37,2019
82,7182,5612382.415799923,80193,38,2019
83,7182,4437619.335599965,56385,39,2019
84,7182,594283.5389999739,6783,40,2019
85,7182,3684758.992200143,42067,40,2019
86,7182,4002415.3980001872,45609,41,2019
87,7182,6833547.748199911,98098,42,2019
88,7182,5138123.240999924,66058,43,2019
89,7182,2110967.685600113,24299,44,2019
90,7182,2062358.7354001065,23641,44,2019
91,7182,4491452.803200114,51446,45,2019
92,7182,6722188.170599879,96988,46,2019
93,7182,5638891.120799912,72604,47,2019
94,7182,4171892.8026001407,47902,48,2019
95,7182,752164.2593999774,8631,48,2019
96,7182,5163701.090400082,59204,49,2019
97,7182,5171910.4014000995,59282,50,2019
98,7182,5327914.624800025,61075,51,2019
99,7182,7402063.890000417,97291,52,2019
100,7182,6915506.714400701,92976,1,2020
101,7182,6089150.240400154,75077,2,2020
102,7182,4831334.318400069,55981,3,2020
103,7182,4763334.697800009,56485,4,2020
104,7182,3564996.3036000854,45487,5,2020
105,7182,2112916.401599864,27834,5,2020
106,7182,5934306.092400186,81938,6,2020
107,7182,4951575.670199994,59982,7,2020
108,7182,4597657.460399995,51499,8,2020
109,7182,3771810.8514000545,42778,9,2020
110,7182,628675.8911999861,7157,9,2020
111,7182,6282971.922535169,84941,10,2020
112,7182,5033722.041000051,62529,11,2020
113,7182,4098413.6479300666,46215,12,2020
114,7182,4095116.196600091,46094,13,2020
115,7182,1192374.3533850121,13435,14,2020
116,7182,2918655.018000116,37489,14,2020
117,7182,3764617.899076965,43859,15,2020
118,7182,3387199.8858000766,37809,16,2020
119,7182,3338053.521941266,37200,17,2020
120,7182,1857437.8415999669,20729,18,2020
121,7182,1744785.73199997,19432,18,2020
122,7182,4960100.665402104,63124,19,2020
123,7182,3937839.5964000276,47436,20,2020
124,7182,3320373.3211814296,37606,21,2020
125,7182,3539584.5635999236,40045,22,2020
126,7182,3470425.836599919,39333,23,2020
127,7182,6192031.032639223,79038,24,2020
128,7182,5219134.205999989,61454,25,2020
129,7182,4336076.124619273,48111,26,2020
130,7182,1075112.5565999912,11979,27,2020
131,7182,3468656.3514000163,38575,27,2020
132,7182,4778971.40184557,53143,28,2020
133,7182,4421212.102199947,48884,29,2020
134,7182,5439608.765253964,68532,30,2020
135,7182,4151522.6670001326,54650,31,2020
136,7182,1741192.9194001032,22939,31,2020
137,7182,5224182.342599796,59397,32,2020
138,7182,4016322.174059027,42306,33,2020
139,7182,3832276.599599929,40335,34,2020
140,7182,5162413.024174684,65070,35,2020
141,7182,840427.4369999464,11075,36,2020
142,7182,2229800.898000074,29315,36,2020
143,7182,1790694.2046000205,20383,37,2020
144,7182,1364179.8398867464,13946,38,2020
145,7182,1531831.4177999943,15606,39,2020
146,7182,708530.2262300493,7915,40,2020
147,7182,2660695.5330000906,34433,40,2020
148,7182,3623852.2122000405,41402,41,2020
149,7182,3229662.6360000125,33592,42,2020
150,7182,3932843.466600089,48934,43,2020
151,7182,1504886.9250000294,19437,44,2020
152,7182,605170.265399967,7836,44,2020
153,7182,3462820.9279652243,38745,45,2020
154,7182,3035782.5852000094,31240,46,2020
155,7182,3125610.715027315,32186,47,2020
156,7182,3271926.9618000006,33689,48,2020
157,7182,495778.1959827435,5080,49,2020
158,7182,3017430.671400011,31272,49,2020
159,7182,3623376.8741899887,37332,50,2020
160,7182,3921051.9060310074,40431,51,2020
161,7182,6781731.05647131,97103,52,2020
162,7182,9106489.439976383,136937,53,2020
163,7189,518508.8356499979,26343,17,2018
164,7189,87721.15575000076,4484,18,2018
165,7189,570855.081149997,31213,18,2018
166,7189,659316.388949997,34392,19,2018
167,7189,753154.1690999934,39083,20,2018
168,7189,1266777.0259500083,82345,21,2018
169,7189,586929.3272999938,36479,22,2018
170,7189,351137.34359999653,18202,22,2018
171,7189,842122.1305499513,41249,23,2018
172,7189,884806.6894499476,41858,24,2018
173,7189,1081868.0818499294,50886,25,2018
174,7189,1048953.329999945,54595,26,2018
175,7189,149594.35544999567,9354,26,2018
176,7189,841770.5465999617,51419,27,2018
177,7189,835752.9448499588,46532,28,2018
178,7189,704828.3812499924,37264,29,2018
179,7189,767700.4627499946,40780,30,2018
180,7189,210897.51780000006,11034,31,2018
181,7189,562093.1828999983,28377,31,2018
182,7189,628813.2001499935,31071,32,2018
183,7189,575256.8764499932,28309,33,2018
184,7189,532060.5839999926,26367,34,2018
185,7189,487826.4785999945,24014,35,2018
186,7189,229749.47805000358,11096,35,2018
187,7189,652824.8431499959,31888,36,2018
188,7189,547510.1794499938,26722,37,2018
189,7189,570101.0699999917,28107,38,2018
190,7189,389055.5845499964,19353,39,2018
191,7189,417414.1705499952,20528,40,2018
192,7189,480020.61044999445,23792,41,2018
193,7189,539349.7891499946,26920,42,2018
194,7189,739425.4030499858,51396,43,2018
195,7189,300102.6327000008,20424,44,2018
196,7189,366733.9817999977,19901,44,2018
197,7189,547505.2411499937,28112,45,2018
198,7189,520857.4840499923,25374,46,2018
199,7189,511387.17869999603,25223,47,2018
200,7189,318664.77315000305,16436,48,2018
201,7189,128740.76414999996,6614,48,2018
202,7189,535212.2990999938,27517,49,2018
203,7189,553198.1452499966,28339,50,2018
204,7189,520968.5249999879,26568,51,2018
205,7189,662238.3669000044,33709,52,2018
206,7189,513036.98100002,26086,1,2019
207,7189,578177.6580000226,29438,2,2019
208,7189,792226.3590000146,49330,3,2019
209,7189,606610.1160000087,35840,4,2019
210,7189,339303.5910000245,18745,5,2019
211,7189,287342.34300001856,15878,5,2019
212,7189,627612.4980000316,34716,6,2019
213,7189,723961.7460000193,40084,7,2019
214,7189,762937.7850000265,42421,8,2019
215,7189,469243.008000039,26275,9,2019
216,7189,364841.5230000284,20521,9,2019
217,7189,993269.5290000284,55742,10,2019
218,7189,1202078.6369999987,84737,11,2019
219,7189,1555775.8739999912,115991,12,2019
220,7189,1323007.9380000052,85276,13,2019
221,7189,1191486.069000026,70644,14,2019
222,7189,1384713.6660000167,81188,15,2019
223,7189,1267971.8310000089,74147,16,2019
224,7189,1766481.5970000045,102127,17,2019
225,7189,363092.1210000099,20988,18,2019
226,7189,932363.3610000313,53880,18,2019
227,7189,2437181.982000005,165639,19,2019
228,7189,1914169.851000022,121552,20,2019
229,7189,1479116.160000023,85178,21,2019
230,7189,1505256.8130000154,85404,22,2019
231,7189,9227050.15492502,560592,22,2019
232,7189,2397790.043999979,134784,27,2019
233,7189,1932350.012999982,107994,28,2019
234,7189,1740519.6299999973,96748,29,2019
235,7189,1826449.6049999995,107171,30,2019
236,7189,593385.0390000159,35179,31,2019
237,7189,663497.2620000283,37067,31,2019
238,7189,1293503.9580000069,71908,32,2019
239,7189,2063312.3340000156,134944,33,2019
240,7189,2025300.6000000043,121753,34,2019
241,7189,1394916.2819999985,77718,35,2019
242,7189,303399.20700001414,16886,35,2019
243,7189,1621723.2479999934,90281,36,2019
244,7189,1576957.6979999982,88310,37,2019
245,7189,1013075.76600002,57348,38,2019
246,7189,844022.1870000134,47555,39,2019
247,7189,121362.45300000024,6829,40,2019
248,7189,1403526.7079999933,79043,40,2019
249,7189,1222139.430000007,68829,41,2019
250,7189,1100815.200000026,61979,42,2019
251,7189,1100465.7750000148,62004,43,2019
252,7189,503495.3970000178,28484,44,2019
253,7189,355452.8670000072,20121,44,2019
254,7189,1249079.3100000133,81068,45,2019
255,7189,1108872.0360000066,66420,46,2019
256,7189,833098.5900000212,46827,47,2019
257,7189,709130.5740000239,39831,48,2019
258,7189,107047.82700000034,6020,48,2019
259,7189,808356.8340000276,45456,49,2019
260,7189,1045344.4470000184,76208,50,2019
261,7189,974485.9260000252,62678,51,2019
262,7189,901557.5130000258,52066,52,2019
263,7189,568963.2420000174,30443,1,2020
264,7189,780270.6330000267,39087,2,2020
265,7189,1131820.8210000184,71599,3,2020
266,7189,915901.146000017,51577,4,2020
267,7189,530584.2540000405,26380,5,2020
268,7189,228461.85900001222,11352,5,2020
269,7189,741805.5060000226,36823,6,2020
270,7189,1044839.6009999728,64017,7,2020
271,7189,1094401.871999988,59025,8,2020
272,7189,810481.6530000208,39843,9,2020
273,7189,135413.2980000027,6659,9,2020
274,7189,1052570.1856499983,51775,10,2020
275,7189,1339429.2390000005,78976,11,2020
276,7189,1076047.0209749974,55139,12,2020
277,7189,905015.6370000212,45303,13,2020
278,7189,174150.85282499925,8732,14,2020
279,7189,306369.9000000118,15414,14,2020
280,7189,570543.9844781108,28773,15,2020
281,7189,768118.554000029,47885,16,2020
282,7189,723992.4276863808,40779,17,2020
283,7189,434138.5980000096,22307,18,2020
284,7189,362623.4370000077,18603,18,2020
285,7189,936906.8425770075,48888,19,2020
286,7189,1161086.2020000198,73041,20,2020
287,7189,886331.13497626,50293,21,2020
288,7189,1054799.1810000248,54326,22,2020
289,7189,1138188.4560000268,58477,23,2020
290,7189,2413857.1520009614,151763,24,2020
291,7189,2105695.79099997,120393,25,2020
292,7189,1635182.448513706,83451,26,2020
293,7189,416048.81400001404,21245,27,2020
294,7189,1427081.5529999486,72916,27,2020
295,7189,2652737.9517687317,153390,28,2020
296,7189,1925073.440999945,103683,29,2020
297,7189,1476332.7269461234,69847,30,2020
298,7189,1427092.4969999618,80342,31,2020
299,7189,570330.0270000201,38099,31,2020
300,7189,2586549.654000019,172916,32,2020
301,7189,1826803.4827475864,122148,33,2020
302,7189,2001410.0910000266,133857,34,2020
303,7189,1790930.4768736036,102213,35,2020
304,7189,304287.6239999878,14346,36,2020
305,7189,651143.717999992,30780,36,2020
306,7189,585678.7889999899,27683,37,2020
307,7189,669984.287567012,41746,38,2020
308,7189,749969.9189999969,40489,39,2020
309,7189,273096.7434349496,13274,40,2020
310,7189,632531.816999987,30053,40,2020
311,7189,1010638.862999976,46742,41,2020
312,7189,950664.3749999697,43926,42,2020
313,7189,1027674.9899999701,62659,43,2020
314,7189,408299.6880000102,22057,44,2020
315,7189,99388.02600000317,4567,44,2020
316,7189,696085.7836259875,32167,45,2020
317,7189,646504.1729999802,30122,46,2020
318,7189,713966.996468245,39905,47,2020
319,7189,719503.2179999725,36961,48,2020
320,7189,90329.54360325057,4304,49,2020
321,7189,516609.08099998545,24586,49,2020
322,7189,589225.4075099789,28028,50,2020
323,7189,767179.7395274646,44200,51,2020
324,7189,693369.510509982,36691,52,2020
325,7189,413816.7624524971,20271,53,2020
326,7193,3465171.3608200666,118073,17,2018
327,7193,615600.780859959,20862,18,2018
328,7193,3806996.8146600476,129143,18,2018
329,7193,4723369.681159989,203942,19,2018
330,7193,4511465.820420011,178869,20,2018
331,7193,3787914.498940054,132631,21,2018
332,7193,1764259.9808599423,60712,22,2018
333,7193,1517708.6745599357,52082,22,2018
334,7193,4402090.73070004,224050,23,2018
335,7193,4948838.167000043,215752,24,2018
336,7193,4547170.145960001,190080,25,2018
337,7193,4440168.691139944,186410,26,2018
338,7193,685735.7210600245,28711,26,2018
339,7193,3921651.9783999333,163872,27,2018
340,7193,5060139.485180061,178195,28,2018
341,7193,6027146.731060006,221999,29,2018
342,7193,6340619.293580042,226591,30,2018
343,7193,1548160.8602199443,53767,31,2018
344,7193,3153191.3803000334,107978,31,2018
345,7193,3795526.8512200727,129770,32,2018
346,7193,4049197.0526800784,138371,33,2018
347,7193,3993869.3236000673,136298,34,2018
348,7193,3469222.3787000612,118635,35,2018
349,7193,1832209.9067999544,62667,35,2018
350,7193,5003876.062120052,171222,36,2018
351,7193,4582577.228320004,185026,37,2018
352,7193,4945375.192679972,210820,38,2018
353,7193,3900023.3760799873,163179,39,2018
354,7193,3526920.9968199986,145329,40,2018
355,7193,3625598.4614199926,149404,41,2018
356,7193,4705378.146819959,198934,42,2018
357,7193,3388101.0685599674,141513,43,2018
358,7193,1129655.8239200152,46683,44,2018
359,7193,1624922.26624,66944,44,2018
360,7193,3190636.41234,137185,45,2018
361,7193,2955813.9473200035,128822,46,2018
362,7193,3366145.8622999927,146715,47,2018
363,7193,1977222.2402399871,77343,48,2018
364,7193,721561.5700799945,24421,48,2018
365,7193,2139245.0229799617,71778,49,2018
366,7193,3016325.737359993,127383,50,2018
367,7193,2248447.767799939,86329,51,2018
368,7193,2289548.8894199603,80782,52,2018
369,7193,2009818.4028000408,65003,1,2019
370,7193,2354630.8500000043,75794,2,2019
371,7193,2179200.940800021,69310,3,2019
372,7193,1551160.462800036,49138,4,2019
373,7193,966830.9820000017,30590,5,2019
374,7193,835499.9171999949,26452,5,2019
375,7193,1955844.8052000233,61920,6,2019
376,7193,2970563.66880011,120686,7,2019
377,7193,2341435.434000077,87793,8,2019
378,7193,1181195.4179999998,38730,9,2019
379,7193,1030175.7959999922,32775,9,2019
380,7193,2783354.012400086,109684,10,2019
381,7193,2428923.7128000595,85686,11,2019
382,7193,2533721.1432000166,80713,12,2019
383,7193,2797240.9764000108,89021,13,2019
384,7193,3138416.5955999973,99677,14,2019
385,7193,6037565.102399951,234975,15,2019
386,7193,4904306.659199971,175142,16,2019
387,7193,6790962.016799792,217336,17,2019
388,7193,3248125.46760002,102673,18,2019
389,7193,7869492.86759977,250053,18,2019
390,7193,8410432.601999722,267905,19,2019
391,7193,5952300.322799864,189125,20,2019
392,7193,6564538.827599888,288246,21,2019
393,7193,5900758.37519986,225989,22,2019
394,7193,32609947.546799783,1328394,22,2019
395,7193,5896183.410000041,213857,27,2019
396,7193,5160846.256800228,158524,28,2019
397,7193,5812939.844400141,178792,29,2019
398,7193,6296557.659600154,193408,30,2019
399,7193,2227751.9472000534,89416,31,2019
400,7193,3182348.2548002335,184162,31,2019
401,7193,4884454.598400033,190368,32,2019
402,7193,5077766.070000114,157011,33,2019
403,7193,6226164.516000141,192383,34,2019
404,7193,5638604.056799962,206148,35,2019
405,7193,1594456.0787999525,64883,35,2019
406,7193,9076171.150799938,369314,36,2019
407,7193,7539511.855199912,306832,37,2019
408,7193,5035169.614799923,204859,38,2019
409,7193,3946345.587599969,140455,39,2019
410,7193,509006.9711999819,15784,40,2019
411,7193,3842970.268800135,119069,40,2019
412,7193,3634022.808000168,112594,41,2019
413,7193,4044456.748800148,125402,42,2019
414,7193,5355220.2288000835,226414,43,2019
415,7193,2312720.014799988,92560,44,2019
416,7193,1473021.2172000352,46808,44,2019
417,7193,3082657.14119995,97669,45,2019
418,7193,2790379.737599976,88410,46,2019
419,7193,5129037.966000243,154618,47,2019
420,7193,3420859.322400093,104983,48,2019
421,7193,393505.95960000437,12661,48,2019
422,7193,2455270.2876000754,78997,49,2019
423,7193,2392492.845600086,76927,50,2019
424,7193,3338682.016799917,129469,51,2019
425,7193,2893672.2047999534,104237,52,2019
426,7193,1953675.406800045,58989,1,2020
427,7193,4022214.284400079,146672,2,2020
428,7193,3041573.932800099,98216,3,2020
429,7193,2453585.33160017,68181,4,2020
430,7193,1605719.154000077,44435,5,2020
431,7193,726401.5668000202,20123,5,2020
432,7193,2249928.813600122,62207,6,2020
433,7193,2423751.4704001523,66967,7,2020
434,7193,3517562.0220000986,127160,8,2020
435,7193,2527427.978400067,80526,9,2020
436,7193,411199.57319999463,11323,9,2020
437,7193,3103555.506870055,84981,10,2020
438,7193,3286266.4692002605,89977,11,2020
439,7193,2697112.7223301446,74118,12,2020
440,7193,3095195.313599932,107816,13,2020
441,7193,599669.233539978,22002,14,2020
442,7193,949707.8603999931,26347,14,2020
443,7193,1336272.7839345522,34163,15,2020
444,7193,1205988.419999987,30797,16,2020
445,7193,1657634.7144331473,42296,17,2020
446,7193,1159074.0875999732,29568,18,2020
447,7193,1377492.8387999537,35880,18,2020
448,7193,4081483.0637855176,115720,19,2020
449,7193,3852314.9652000978,109961,20,2020
450,7193,3629359.5830193833,103540,21,2020
451,7193,5027470.484400126,143473,22,2020
452,7193,4473606.0408000145,118466,23,2020
453,7193,6808028.595391243,173217,24,2020
454,7193,6227194.396799893,158752,25,2020
455,7193,10733325.21697945,276921,26,2020
456,7193,3124443.1764000906,80771,27,2020
457,7193,4453544.409600143,113990,27,2020
458,7193,6918662.569699737,176818,28,2020
459,7193,11620960.790399985,300069,29,2020
460,7193,6669280.580680041,169186,30,2020
461,7193,3383405.9063999704,83714,31,2020
462,7193,1232094.692400043,30430,31,2020
463,7193,10671910.719600154,274318,32,2020
464,7193,5639077.229243022,143273,33,2020
465,7193,4004125.8815999595,99352,34,2020
466,7193,6846774.158703836,175432,35,2020
467,7193,1703191.3391998261,44034,36,2020
468,7193,3628856.2440000298,93832,36,2020
469,7193,2218547.2295999452,57422,37,2020
470,7193,1473209.6561812854,38135,38,2020
471,7193,884807.55479999,22631,39,2020
472,7193,234083.55467506926,5874,40,2020
473,7193,430527.6923999949,10789,40,2020
474,7193,498721.5323999967,12493,41,2020
475,7193,478807.80479999684,11995,42,2020
476,7193,297359.93040000193,7497,43,2020
477,7193,130090.95840000157,3300,44,2020
478,7193,29002.303199999853,731,44,2020
479,7193,203242.01982240172,5127,45,2020
480,7193,156570.85080000164,3956,46,2020
481,7193,135206.12063790057,3415,47,2020
482,7193,140371.09320000178,3536,48,2020
483,7193,19555.52892929994,489,49,2020
484,7193,90340.55160000062,2270,49,2020
485,7193,113493.04727800099,2880,50,2020
486,7193,111913.193522001,2843,51,2020
487,7193,104265.61954900091,2671,52,2020
488,7193,62178.26841200018,1607,53,2020
489,7194,9321426.462062152,144725,17,2018
490,7194,1409442.2393259653,21977,18,2018
491,7194,8913606.969806222,139864,18,2018
492,7194,12073794.347912027,239710,19,2018
493,7194,11235271.88429803,206299,20,2018
494,7194,10060282.660252085,161391,21,2018
495,7194,4853161.922070144,76486,22,2018
496,7194,3276788.4743000795,51755,22,2018
497,7194,8808408.907452073,175693,23,2018
498,7194,9437816.371059984,171490,24,2018
499,7194,10406576.73055002,167316,25,2018
500,7194,10547637.29850605,164044,26,2018
501,7194,1587581.5648439918,24502,26,2018
502,7194,9857658.24824009,152668,27,2018
503,7194,11120248.989959938,173537,28,2018
504,7194,9387578.836064186,146490,29,2018
505,7194,10661490.363854054,165985,30,2018
506,7194,3049714.979718048,48025,31,2018
507,7194,7773065.7986962795,122639,31,2018
508,7194,10443215.201320054,164170,32,2018
509,7194,12914710.475392012,222930,33,2018
510,7194,13732121.80232218,242945,34,2018
511,7194,10357588.436183989,170622,35,2018
512,7194,4302334.903394085,67288,35,2018
513,7194,13434928.934217805,209227,36,2018
514,7194,11266077.182007927,176126,37,2018
515,7194,10302686.18383395,160376,38,2018
516,7194,7864155.815978124,122704,39,2018
517,7194,8026350.14995012,125343,40,2018
518,7194,8141356.952982017,128939,41,2018
519,7194,8653081.262166057,136445,42,2018
520,7194,9908424.199036045,202331,43,2018
521,7194,4112775.586963887,83238,44,2018
522,7194,4560809.014300164,71867,44,2018
523,7194,7621695.420526116,119613,45,2018
524,7194,6903460.634004183,106979,46,2018
525,7194,6717566.821548132,103188,47,2018
526,7194,4238777.588342106,64478,48,2018
527,7194,1625120.1038600397,24185,48,2018
528,7194,6580399.84212604,96126,49,2018
529,7194,6550117.855181986,95394,50,2018
530,7194,6290218.275484,91403,51,2018
531,7194,6781153.512935985,98647,52,2018
532,7194,5705045.298480034,82928,1,2019
533,7194,6957164.80536004,100944,2,2019
534,7194,9206798.696040032,168554,3,2019
535,7194,7171729.70315996,125424,4,2019
536,7194,3981801.345719925,65059,5,2019
537,7194,3102617.6728799925,50687,5,2019
538,7194,6662258.907479769,109092,6,2019
539,7194,7310464.914719723,119941,7,2019
540,7194,7257165.384479755,119339,8,2019
541,7194,4363672.886759942,71715,9,2019
542,7194,3156299.283720004,51934,9,2019
543,7194,7686482.106599724,126406,10,2019
544,7194,10529228.7143999,218568,11,2019
545,7194,12288125.781359773,271234,12,2019
546,7194,10412127.188760001,196756,13,2019
547,7194,9959103.799920114,169537,14,2019
548,7194,12144512.446440227,206547,15,2019
549,7194,12080789.721000168,205610,16,2019
550,7194,15191295.134400202,258334,17,2019
551,7194,3591217.516920104,61017,18,2019
552,7194,9189514.292640092,155912,18,2019
553,7194,19053129.820559926,378254,19,2019
554,7194,17585153.38535989,322918,20,2019
555,7194,15133627.04303972,254059,21,2019
556,7194,15095508.393239846,250540,22,2019
557,7194,85241662.18788025,1514220,22,2019
558,7194,24058615.900439993,401017,27,2019
559,7194,18497315.759999912,306039,28,2019
560,7194,16829597.69699988,275326,29,2019
561,7194,17723240.38055984,312734,30,2019
562,7194,6286562.681519989,112098,31,2019
563,7194,7237713.064560079,119033,31,2019
564,7194,14114268.91248002,230927,32,2019
565,7194,21115680.746160172,402398,33,2019
566,7194,20480576.718360033,357920,34,2019
567,7194,15660175.126200158,256764,35,2019
568,7194,3222792.78420009,52928,35,2019
569,7194,17068159.806720167,279839,36,2019
570,7194,15571208.36436014,255024,37,2019
571,7194,10598399.359680004,174168,38,2019
572,7194,8809295.914319837,144736,39,2019
573,7194,1295338.6063200047,21303,40,2019
574,7194,15314078.01791979,255297,40,2019
575,7194,13428652.189919928,223283,41,2019
576,7194,11117297.906880073,183932,42,2019
577,7194,11378265.271560095,188480,43,2019
578,7194,5319587.027040014,88242,44,2019
579,7194,3741151.044839911,62130,44,2019
580,7194,13973046.852600114,267666,45,2019
581,7194,11678170.793520031,207514,46,2019
582,7194,8297309.428319746,137463,47,2019
583,7194,6853769.392799798,113652,48,2019
584,7194,1022136.7688400581,16991,48,2019
585,7194,7880166.094679768,130980,49,2019
586,7194,10270514.456400266,220318,50,2019
587,7194,9295317.313920133,177333,51,2019
588,7194,8173341.8672401095,139985,52,2019
589,7194,5114429.964600002,80803,1,2020
590,7194,7478377.391759726,111129,2,2020
591,7194,11686294.917000104,217633,3,2020
592,7194,8915282.401079977,148524,4,2020
593,7194,5043910.849559801,74043,5,2020
594,7194,2130543.2385601616,31345,5,2020
595,7194,7779335.464559745,114130,6,2020
596,7194,10567532.62092005,191046,7,2020
597,7194,9957787.602839937,161004,8,2020
598,7194,7512304.509599756,110152,9,2020
599,7194,1280240.0014800902,18793,9,2020
600,7194,10521857.193056118,153791,10,2020
601,7194,14215228.177919917,248459,11,2020
602,7194,10173694.834897064,154871,12,2020
603,7194,7423254.500639756,110275,13,2020
604,7194,1289613.2932320416,19184,14,2020
605,7194,2363786.7013200754,35235,14,2020
606,7194,4268291.612893201,63759,15,2020
607,7194,5495285.9332799325,102230,16,2020
608,7194,5336751.562842233,89450,17,2020
609,7194,3149969.921999924,47907,18,2020
610,7194,2811233.0795999994,42722,18,2020
611,7194,6931833.661219443,107152,19,2020
612,7194,9906094.93632003,186899,20,2020
613,7194,7719578.243341768,130595,21,2020
614,7194,9134096.788079908,138839,22,2020
615,7194,10215097.164360078,154970,23,2020
616,7194,21389240.740276635,398087,24,2020
617,7194,17295140.031840015,294196,25,2020
618,7194,15075214.311051574,227785,26,2020
619,7194,4034940.909119873,61016,27,2020
620,7194,12951864.207479885,196081,27,2020
621,7194,23114656.25545713,395233,28,2020
622,7194,16904531.216759812,266682,29,2020
623,7194,15157526.334710196,213188,30,2020
624,7194,13939819.532759972,231027,31,2020
625,7194,5410322.289239858,107310,31,2020
626,7194,22534940.827079967,447162,32,2020
627,7194,16955001.7406421,336297,33,2020
628,7194,17501507.60820015,347187,34,2020
629,7194,15077857.369326688,254838,35,2020
630,7194,2660264.1846000836,37340,36,2020
631,7194,5491922.591760193,77514,36,2020
632,7194,5314551.912120155,75306,37,2020
633,7194,5978139.650921142,110193,38,2020
634,7194,6294591.83892002,100993,39,2020
635,7194,2312112.014057321,33305,40,2020
636,7194,5539627.866960103,79026,40,2020
637,7194,8555763.835080193,121314,41,2020
638,7194,8085998.667120231,114721,42,2020
639,7194,9565243.611000383,174928,43,2020
640,7194,1917620.573880024,31766,44,2020
641,7194,835784.1439199507,11847,44,2020
642,7194,6173198.75800802,87359,45,2020
643,7194,5664560.086680376,79934,46,2020
644,7194,6662935.919211985,111165,47,2020
645,7194,6224775.132840113,95080,48,2020
646,7194,741587.9050484722,10448,49,2020
647,7194,4421420.248080208,62280,49,2020
648,7194,5140388.34466602,72336,50,2020
649,7194,6774531.395529778,115337,51,2020
650,7194,5671365.70437919,87113,52,2020
651,7194,2931986.3071532873,40953,53,2020
652,7205,2201576.02855436,133935,17,2018
653,7205,409909.47462600196,24625,18,2018
654,7205,2575819.060265983,154769,18,2018
655,7205,3371337.8097900217,241096,19,2018
656,7205,3126782.390276392,214644,20,2018
657,7205,2800382.378985578,172604,21,2018
658,7205,1345366.414267159,82018,22,2018
659,7205,1098774.0814439864,66887,22,2018
660,7205,2887871.9889995796,209003,23,2018
661,7205,2801995.662619168,192238,24,2018
662,7205,2933597.0941847917,180534,25,2018
663,7205,3094254.178106393,185658,26,2018
664,7205,525331.6615176083,31304,26,2018
665,7205,3069779.706090024,182488,27,2018
666,7205,3700784.892364815,221227,28,2018
667,7205,4280866.735502405,275287,29,2018
668,7205,3840144.789852006,239761,30,2018
669,7205,951512.7942168014,58658,31,2018
670,7205,2730007.357472362,164246,31,2018
671,7205,3543645.1067772056,209275,32,2018
672,7205,3096017.178252008,182642,33,2018
673,7205,2963866.6160099786,174584,34,2018
674,7205,2285753.0536199724,136132,35,2018
675,7205,987035.0089644066,58740,35,2018
676,7205,2766582.3452099906,164081,36,2018
677,7205,2601738.9960563704,157293,37,2018
678,7205,2288581.504769976,139067,38,2018
679,7205,2738695.389020421,194988,39,2018
680,7205,2390890.163522413,153518,40,2018
681,7205,2271266.8153620125,133707,41,2018
682,7205,2185185.050958015,128505,42,2018
683,7205,2037223.6752060177,119647,43,2018
684,7205,1069530.4642920126,70772,44,2018
685,7205,2130871.5046908557,159367,44,2018
686,7205,2156587.760492406,140258,45,2018
687,7205,1804090.7181852297,105835,46,2018
688,7205,1898624.6413176286,112438,47,2018
689,7205,1260692.1174012243,73567,48,2018
690,7205,571247.8631951875,32782,48,2018
691,7205,1785139.7457635622,102143,49,2018
692,7205,1938313.6757939516,106796,50,2018
693,7205,1964377.1592215353,108045,51,2018
694,7205,3385181.4957803846,237451,52,2018
695,7205,3065385.950352255,226141,1,2019
696,7205,2926798.0581599222,177746,2,2019
697,7205,3376965.7676879247,235924,3,2019
698,7205,2405219.4043919328,151888,4,2019
699,7205,1202862.0011760243,67083,5,2019
700,7205,955054.945872044,51655,5,2019
701,7205,2316156.7462559347,124828,6,2019
702,7205,3511703.3105519814,243037,7,2019
703,7205,2801440.795607953,184255,8,2019
704,7205,1157865.5121840504,70281,9,2019
705,7205,925948.9640160628,54422,9,2019
706,7205,2421758.881727981,140947,10,2019
707,7205,2435200.2512639696,144849,11,2019
708,7205,2477008.5359759843,148740,12,2019
709,7205,2498586.7326479745,150318,13,2019
710,7205,2545121.2185359825,153586,14,2019
711,7205,3585246.4655279843,252498,15,2019
712,7205,4024394.427167883,302096,16,2019
713,7205,4425634.416599967,292126,17,2019
714,7205,993076.967664063,61619,18,2019
715,7205,2808754.252415979,171756,18,2019
716,7205,6642224.882784034,467696,19,2019
717,7205,4837840.070399959,311864,20,2019
718,7205,4310075.120615909,306985,21,2019
719,7205,3375096.3233999326,218547,22,2019
720,7205,22502639.973887905,1385329,22,2019
721,7205,4051123.3101599743,238308,27,2019
722,7205,4025562.2787599918,225351,28,2019
723,7205,5478381.962568025,361748,29,2019
724,7205,4664045.793168004,278528,30,2019
725,7205,1355057.5440960224,72669,31,2019
726,7205,1735403.7048480264,93560,31,2019
727,7205,4296331.498535876,302767,32,2019
728,7205,4113696.584303884,251195,33,2019
729,7205,3990197.4559199256,216254,34,2019
730,7205,2856673.5968159577,154855,35,2019
731,7205,526829.721407994,28520,35,2019
732,7205,3885645.0533759273,211110,36,2019
733,7205,3511479.7162079387,191550,37,2019
734,7205,2381569.187327983,130303,38,2019
735,7205,2208134.4950159946,120732,39,2019
736,7205,354803.60361599806,19385,40,2019
737,7205,2247200.8413839927,122927,40,2019
738,7205,2628037.9766879785,144368,41,2019
739,7205,3695885.8785359194,244854,42,2019
740,7205,2778890.755247969,171019,43,2019
741,7205,1237546.7750160226,70370,44,2019
742,7205,1048241.7351360427,59420,44,2019
743,7205,2565971.139599988,144726,45,2019
744,7205,3218817.9553199583,220589,46,2019
745,7205,2530939.7570399563,157130,47,2019
746,7205,1957570.0068239865,110184,48,2019
747,7205,384757.8508800117,21642,48,2019
748,7205,3334072.3202159586,220933,49,2019
749,7205,2759779.2476879805,167338,50,2019
750,7205,2512991.397599974,140100,51,2019
751,7205,3328611.345719969,215132,52,2019
752,7205,2550777.675479923,171127,1,2020
753,7205,3038186.3356799777,167218,2,2020
754,7205,2851036.2613439513,138544,3,2020
755,7205,3544291.2073679497,215985,4,2020
756,7205,2135260.75816803,119338,5,2020
757,7205,922683.1460400628,44743,5,2020
758,7205,2517860.823984019,121688,6,2020
759,7205,2554644.9803760005,123051,7,2020
760,7205,2650596.2833679714,127870,8,2020
761,7205,2849473.048968007,158701,9,2020
762,7205,500239.7638559638,29575,9,2020
763,7205,3036901.0240061935,157249,10,2020
764,7205,2822649.9619679614,137393,11,2020
765,7205,2884587.6302231867,142132,12,2020
766,7205,3282472.4705279246,163411,13,2020
767,7205,991917.8184563847,49397,14,2020
768,7205,2646909.171431901,171206,14,2020
769,7205,3342124.651099381,181870,15,2020
770,7205,2993922.338759982,150697,16,2020
771,7205,2432554.393138108,121847,17,2020
772,7205,1870123.2091920523,101541,18,2020
773,7205,2071718.197128036,118831,18,2020
774,7205,4423183.370518161,234008,19,2020
775,7205,3098983.1648399746,159221,20,2020
776,7205,2777496.8495824747,137685,21,2020
777,7205,3708434.793095938,183802,22,2020
778,7205,4730117.546951999,284256,23,2020
779,7205,7588343.871954821,491483,24,2020
780,7205,7423994.5068240175,480995,25,2020
781,7205,6296630.299741927,407882,26,2020
782,7205,1640954.802311915,106313,27,2020
783,7205,4297607.3954159515,227080,27,2020
784,7205,6000967.623320467,293486,28,2020
785,7205,7215590.890728042,427631,29,2020
786,7205,4838463.028873928,265798,30,2020
787,7205,3235276.236887866,169726,31,2020
788,7205,1172244.9872879896,62419,31,2020
789,7205,4940439.538823967,263991,32,2020
790,7205,4747753.749432483,308324,33,2020
791,7205,3867179.1646320205,221042,34,2020
792,7205,3627028.3230644455,183966,35,2020
793,7205,667946.9601359959,33827,36,2020
794,7205,2101417.925039991,139566,36,2020
795,7205,1679403.9877920018,97155,37,2020
796,7205,1281082.0847957681,65443,38,2020
797,7205,1432223.6925599766,73291,39,2020
798,7205,743561.4745814005,42654,40,2020
799,7205,2240036.979335981,151938,40,2020
800,7205,2852045.2009440097,158830,41,2020
801,7205,2510074.943783897,124169,42,2020
802,7205,2214309.6923759175,109701,43,2020
803,7205,313095.45672000205,15215,44,2020
804,7205,417041.98286401725,20757,44,2020
805,7205,3704562.7485067626,220598,45,2020
806,7205,2770600.7705039866,149598,46,2020
807,7205,2255741.164831364,111663,47,2020
808,7205,2458676.1386879208,121768,48,2020
809,7205,365927.9250112767,18157,49,2020
810,7205,2308363.939008082,132744,49,2020
811,7205,2235955.583042508,117156,50,2020
812,7205,2382497.7255810737,117895,51,2020
813,7205,3609770.8543210956,215190,52,2020
814,7205,4077296.6013724334,254640,53,2020
815,7232,4802419.542600006,85292,17,2018
816,7232,922588.7908500029,16304,18,2018
817,7232,6486894.965700009,113745,18,2018
818,7232,8106498.676349992,176543,19,2018
819,7232,6016578.681149991,123243,20,2018
820,7232,5129484.027749993,91567,21,2018
821,7232,2761630.5878999885,48677,22,2018
822,7232,2235144.406500008,39334,22,2018
823,7232,5708000.775150003,133514,23,2018
824,7232,5706373.976999992,118321,24,2018
825,7232,7522204.781700054,134522,25,2018
826,7232,15044743.34999999,306199,26,2018
827,7232,2251661.2145999484,47289,26,2018
828,7232,13321075.719600042,277856,27,2018
829,7232,14987451.715649981,313657,28,2018
830,7232,12243450.779100066,258989,29,2018
831,7232,12107301.07814996,254818,30,2018
832,7232,3709732.813650007,78044,31,2018
833,7232,9765797.477850065,204960,31,2018
834,7232,11582279.952300014,242188,32,2018
835,7232,10126188.611549998,212026,33,2018
836,7232,6744248.337150024,120550,34,2018
837,7232,4541980.025700011,73616,35,2018
838,7232,2158341.4692000244,34765,35,2018
839,7232,6223043.3755500205,101213,36,2018
840,7232,4985398.797300008,81960,37,2018
841,7232,4634186.157900014,77697,38,2018
842,7232,7088753.91554995,151593,39,2018
843,7232,6350792.65649999,121816,40,2018
844,7232,5920030.800900063,100249,41,2018
845,7232,12744543.505049683,270603,42,2018
846,7232,8448062.19615001,163096,43,2018
847,7232,2300931.5098500713,39858,44,2018
848,7232,3158664.358950042,53269,44,2018
849,7232,5092618.264200019,85035,45,2018
850,7232,4623000.563249989,76542,46,2018
851,7232,4614107.189400002,79891,47,2018
852,7232,3171687.8242500275,55206,48,2018
853,7232,1462614.2509500103,25381,48,2018
854,7232,4605799.216499976,79721,49,2018
855,7232,5272649.964450001,89693,50,2018
856,7232,5022436.100399983,84841,51,2018
857,7232,6335852.095350047,106909,52,2018
858,7232,5322931.416000108,88746,1,2019
859,7232,6023757.105000115,100383,2,2019
860,7232,5587074.009000085,93147,3,2019
861,7232,5089134.717000062,84793,4,2019
862,7232,2722568.2469999483,45376,5,2019
863,7232,2098201.2119999006,34963,5,2019
864,7232,4512909.546000027,75203,6,2019
865,7232,5179728.789000104,89801,7,2019
866,7232,9239540.184000019,194815,8,2019
867,7232,3797625.4649999263,76557,9,2019
868,7232,2306121.9749999014,38205,9,2019
869,7232,6151732.028999992,100489,10,2019
870,7232,5396905.638000013,87227,11,2019
871,7232,5313814.056000002,85439,12,2019
872,7232,5303587.373999993,85246,13,2019
873,7232,5353241.022000031,85988,14,2019
874,7232,5407179.623999985,86885,15,2019
875,7232,5340534.957000011,86434,16,2019
876,7232,11312463.51000007,235894,17,2019
877,7232,2416445.999999912,52990,18,2019
878,7232,4766424.857999988,80909,18,2019
879,7232,7703487.666000016,125885,19,2019
880,7232,7001970.507000084,112075,20,2019
881,7232,9841400.424000097,180402,21,2019
882,7232,7572991.212000064,129982,22,2019
883,7232,39220360.946999885,660024,22,2019
884,7232,6398171.316000055,102288,27,2019
885,7232,8908508.519999998,153110,28,2019
886,7232,8128624.995000017,133821,29,2019
887,7232,8021977.02000001,141685,30,2019
888,7232,2865091.9319999698,51498,31,2019
889,7232,4010260.2390000387,72559,31,2019
890,7232,5941211.949000066,97833,32,2019
891,7232,10145600.05499984,151225,33,2019
892,7232,9141429.041999966,140952,34,2019
893,7232,4864945.482000011,77076,35,2019
894,7232,829702.9800000137,13131,35,2019
895,7232,5546895.228000028,88150,36,2019
896,7232,5892470.793000017,94522,37,2019
897,7232,5829295.46399999,106450,38,2019
898,7232,5110722.729000006,86864,39,2019
899,7232,769318.3170000156,12458,40,2019
900,7232,4585400.118000001,73900,40,2019
901,7232,4986051.76800005,80630,41,2019
902,7232,5268506.490000004,86256,42,2019
903,7232,4697227.125000014,77307,43,2019
904,7232,2258552.942999942,37299,44,2019
905,7232,2061127.7819999328,34071,44,2019
906,7232,6403866.156000026,119315,45,2019
907,7232,5184121.175999985,90487,46,2019
908,7232,5563611.548999981,103350,47,2019
909,7232,4503882.203999952,78922,48,2019
910,7232,691338.834000034,11484,48,2019
911,7232,4854621.923999968,80018,49,2019
912,7232,6770936.232000033,125382,50,2019
913,7232,5742022.499999977,99762,51,2019
914,7232,5417279.027999992,89622,52,2019
915,7232,4133297.159999925,64110,1,2020
916,7232,8061471.51300003,146362,2,2020
917,7232,6866588.025000045,111458,3,2020
918,7232,5041860.038999998,75055,4,2020
919,7232,3616315.3349999376,53787,5,2020
920,7232,1979019.3779999367,29242,5,2020
921,7232,7512732.34199999,134790,6,2020
922,7232,6419798.180999884,101910,7,2020
923,7232,5703395.463000074,81915,8,2020
924,7232,4595092.17299998,67260,9,2020
925,7232,836215.8660000099,12304,9,2020
926,7232,7369637.179950155,126768,10,2020
927,7232,6804831.006000004,104567,11,2020
928,7232,6546148.396875103,89908,12,2020
929,7232,7459367.544000049,103450,13,2020
930,7232,2251925.2588499403,31252,14,2020
931,7232,6371956.935000015,110802,14,2020
932,7232,7401740.507624866,110771,15,2020
933,7232,5691682.40400003,78086,16,2020
934,7232,8725218.476488512,140758,17,2020
935,7232,3796326.5489999442,58686,18,2020
936,7232,2404974.8069999246,33139,18,2020
937,7232,6276156.396009739,85723,19,2020
938,7232,8583135.354000004,140085,20,2020
939,7232,5983335.828060798,90117,21,2020
940,7232,5813842.527000062,75967,22,2020
941,7232,7425871.398000222,115202,23,2020
942,7232,9593639.25574067,137735,24,2020
943,7232,8072194.455000402,111084,25,2020
944,7232,9578499.97052493,151690,26,2020
945,7232,2508531.87599998,40978,27,2020
946,7232,6426097.09200035,89542,27,2020
947,7232,8521725.25836843,117335,28,2020
948,7232,7411711.11300026,115280,29,2020
949,7232,6514837.918622172,95153,30,2020
950,7232,6778889.865000364,114232,31,2020
951,7232,2406619.161000066,43689,31,2020
952,7232,11374466.688000213,213192,32,2020
953,7232,9173898.569564678,174575,33,2020
954,7232,7287420.258000213,112645,34,2020
955,7232,9098005.56153245,161132,35,2020
956,7232,1696516.8659999878,32177,36,2020
957,7232,3101939.9010000066,58474,36,2020
958,7232,2584515.680999998,37968,37,2020
959,7232,2507500.7942106696,38034,38,2020
960,7232,2652998.7510000067,35720,39,2020
961,7232,989766.5595159058,12330,40,2020
962,7232,2647014.8759999755,34450,40,2020
963,7232,4499252.487000042,58891,41,2020
964,7232,4503515.436000034,59244,42,2020
965,7232,6080374.917000145,99492,43,2020
966,7232,1177096.8329999906,17429,44,2020
967,7232,630327.4469999928,8434,44,2020
968,7232,4270108.557035226,59416,45,2020
969,7232,3786115.4460001574,55469,46,2020
970,7232,3874842.3421957903,56757,47,2020
971,7232,5008349.907000233,89410,48,2020
972,7232,708565.2957382678,13241,49,2020
973,7232,3135817.314000081,48361,49,2020
974,7232,3657210.372270119,53248,50,2020
975,7232,4018639.9852126227,57930,51,2020
976,7232,3971872.1634301413,57407,52,2020
977,7232,4090475.0689426567,59293,53,2020
978,7234,12101117.350571899,189190,17,2018
979,7234,2019579.2411557336,32103,18,2018
980,7234,13817848.599168342,236585,18,2018
981,7234,14251199.613062378,231905,19,2018
982,7234,14957179.044272674,234963,20,2018
983,7234,18111506.936286237,352574,21,2018
984,7234,8485476.363883482,159712,22,2018
985,7234,5576619.975174626,91621,22,2018
986,7234,12335450.104726521,193227,23,2018
987,7234,12307458.499495905,189602,24,2018
988,7234,13879673.372107422,214084,25,2018
989,7234,14459033.222913668,220911,26,2018
990,7234,2338254.0150888925,35396,26,2018
991,7234,14008535.109272126,213035,27,2018
992,7234,13383356.140028123,205169,28,2018
993,7234,14758061.452274822,225514,29,2018
994,7234,15997720.255662978,244132,30,2018
995,7234,4532990.0059417775,69776,31,2018
996,7234,11805560.495903537,180578,31,2018
997,7234,14449093.591769284,217477,32,2018
998,7234,20898617.28043236,389716,33,2018
999,7234,23724621.808383796,459247,34,2018
1000,7234,14732712.310304139,252364,35,2018
1001,7234,5119258.402809313,76909,35,2018
1002,7234,15685758.716050802,233887,36,2018
1003,7234,13999201.429924808,209328,37,2018
1004,7234,12567953.994373353,188228,38,2018
1005,7234,15921780.719095472,285789,39,2018
1006,7234,13783618.677903153,229018,40,2018
1007,7234,11924440.86736296,180871,41,2018
1008,7234,12494757.979753869,186898,42,2018
1009,7234,11646254.722616566,172504,43,2018
1010,7234,6297850.986426611,103702,44,2018
1011,7234,10802561.57379583,202805,44,2018
1012,7234,13028082.33293573,211466,45,2018
1013,7234,9793239.590474535,143048,46,2018
1014,7234,9866204.28853768,145796,47,2018
1015,7234,6575587.258627309,96132,48,2018
1016,7234,2582620.6284194207,36875,48,2018
1017,7234,9019800.520015612,127425,49,2018
1018,7234,9345317.485060712,126458,50,2018
1019,7234,10013199.242066566,134303,51,2018
1020,7234,14493799.062980732,252442,52,2018
1021,7234,13395286.158422781,248424,1,2019
1022,7234,13938976.573848143,212346,2,2019
1023,7234,17349899.392065886,305773,3,2019
1024,7234,13470015.627662484,215712,4,2019
1025,7234,6474775.307500753,91044,5,2019
1026,7234,4551078.734193578,62040,5,2019
1027,7234,11234557.253030404,152712,6,2019
1028,7234,16966372.567924585,294555,7,2019
1029,7234,13095131.384289471,217798,8,2019
1030,7234,6111775.566864021,93747,9,2019
1031,7234,4367911.669689642,64576,9,2019
1032,7234,10575175.48964643,156783,10,2019
1033,7234,11707171.51271045,176928,11,2019
1034,7234,11978415.218073625,181488,12,2019
1035,7234,12285863.769571278,186553,13,2019
1036,7234,12383756.632598469,188514,14,2019
1037,7234,16654120.292635022,293902,15,2019
1038,7234,20020787.88622568,377180,16,2019
1039,7234,19973796.251472034,332544,17,2019
1040,7234,4766767.459142423,73645,18,2019
1041,7234,12825821.102054393,195822,18,2019
1042,7234,27384421.45583522,480760,19,2019
1043,7234,22666710.400631852,363741,20,2019
1044,7234,21136908.64412182,375419,21,2019
1045,7234,15647688.8614945,254807,22,2019
1046,7234,105385035.32962492,1591927,22,2019
1047,7234,21852739.2382991,321554,27,2019
1048,7234,21806464.05277905,308364,28,2019
1049,7234,28342816.41240004,467385,29,2019
1050,7234,25185907.149667304,376943,30,2019
1051,7234,8443475.335224008,113938,31,2019
1052,7234,10074520.678694228,136307,31,2019
1053,7234,23202518.729472116,403852,32,2019
1054,7234,22094108.0513136,335205,33,2019
1055,7234,20912214.342887875,284477,34,2019
1056,7234,16138971.716486245,219544,35,2019
1057,7234,3095329.3607952157,42129,35,2019
1058,7234,22703585.97169424,310700,36,2019
1059,7234,20288326.85415353,277807,37,2019
1060,7234,14862465.768542167,204682,38,2019
1061,7234,13765090.780036688,189762,39,2019
1062,7234,2101593.5362799605,28979,40,2019
1063,7234,12392502.697367923,171064,40,2019
1064,7234,15402488.646830235,213160,41,2019
1065,7234,20210887.081152145,335180,42,2019
1066,7234,14967981.995428782,230252,43,2019
1067,7234,6969058.282526302,98481,44,2019
1068,7234,5203979.605238308,73668,44,2019
1069,7234,14039788.998672087,197416,45,2019
1070,7234,16518387.398846146,281693,46,2019
1071,7234,13377660.95257909,207974,47,2019
1072,7234,10498391.454585636,147698,48,2019
1073,7234,2038966.886159903,28658,48,2019
1074,7234,16993892.823926654,282004,49,2019
1075,7234,14341798.622390473,218546,50,2019
1076,7234,12894485.803214338,177291,51,2019
1077,7234,15487845.543906901,248066,52,2019
1078,7234,10865549.63888618,183542,1,2020
1079,7234,14188899.521505456,192110,2,2020
1080,7234,14269754.164780894,171630,3,2020
1081,7234,17896181.33492642,273191,4,2020
1082,7234,10949556.027758582,154491,5,2020
1083,7234,4114242.2296797484,49973,5,2020
1084,7234,13274289.90044575,160401,6,2020
1085,7234,12623388.710788332,151753,7,2020
1086,7234,12900031.70093226,155343,8,2020
1087,7234,15005525.543380158,209160,9,2020
1088,7234,2704653.972763558,40011,9,2020
1089,7234,15687882.211198233,204111,10,2020
1090,7234,14600096.038957398,177465,11,2020
1091,7234,14761528.140247568,182049,12,2020
1092,7234,15580212.48338306,194780,13,2020
1093,7234,4569617.925098042,57221,14,2020
1094,7234,11637597.439843241,189528,14,2020
1095,7234,14065920.676754808,194386,15,2020
1096,7234,12893843.322013708,164216,16,2020
1097,7234,12717229.197663559,161564,17,2020
1098,7234,8514355.69323341,115215,18,2020
1099,7234,7678729.504857416,110787,18,2020
1100,7234,16394011.830682334,217830,19,2020
1101,7234,14570167.687084198,187491,20,2020
1102,7234,13371277.923671968,166023,21,2020
1103,7234,16849394.17109178,209534,22,2020
1104,7234,20470939.171127908,307690,23,2020
1105,7234,31653386.98930335,516375,24,2020
1106,7234,31462395.38004958,513321,25,2020
1107,7234,31116956.38868383,507582,26,2020
1108,7234,8634510.822456198,140844,27,2020
1109,7234,20837375.104780994,276420,27,2020
1110,7234,28932948.74025536,355760,28,2020
1111,7234,33858091.95012013,503506,29,2020
1112,7234,25476635.61887689,347294,30,2020
1113,7234,17559546.223809812,228687,31,2020
1114,7234,6432457.602614541,85663,31,2020
1115,7234,27634131.761299662,367572,32,2020
1116,7234,26193182.112204757,425718,33,2020
1117,7234,21733837.927041814,310457,34,2020
1118,7234,19981535.336546462,250787,35,2020
1119,7234,3668195.9289167384,46028,36,2020
1120,7234,11314381.839911865,189061,36,2020
1121,7234,9261424.792036721,132841,37,2020
1122,7234,7327130.0872367155,89347,38,2020
1123,7234,8513733.771431867,104072,39,2020
1124,7234,4219987.369738626,58810,40,2020
1125,7234,10985452.126688942,187276,40,2020
1126,7234,14634524.176487824,203460,41,2020
1127,7234,12514527.561383815,152483,42,2020
1128,7234,11127455.077204652,135690,43,2020
1129,7234,1225828.5321312244,14582,44,2020
1130,7234,1973912.5476720834,24163,44,2020
1131,7234,16733323.75237527,249409,45,2020
1132,7234,13351597.055150406,179178,46,2020
1133,7234,10252581.751185037,123920,47,2020
1134,7234,10981807.362647975,132808,48,2020
1135,7234,1629559.7262888683,19687,49,2020
1136,7234,11049068.757642834,158934,49,2020
1137,7234,10532514.403664134,137213,50,2020
1138,7234,10521570.904041653,129978,51,2020
1139,7234,15521760.749286983,231798,52,2020
1140,7234,11096882.631312344,174547,53,2020
1141,7236,65274.770360000584,13344,17,2018
1142,7236,12387.783959999977,2529,18,2018
1143,7236,69254.13628000052,13831,18,2018
1144,7236,71417.4444400004,14338,19,2018
1145,7236,81676.70664000003,16290,20,2018
1146,7236,78515.04532000028,15546,21,2018
1147,7236,44045.229879999955,8686,22,2018
1148,7236,35146.79559999987,7238,22,2018
1149,7236,86186.98524000008,17057,23,2018
1150,7236,102197.01992000033,20238,24,2018
1151,7236,119488.91456000044,23591,25,2018
1152,7236,125946.45983999995,24855,26,2018
1153,7236,19832.654119999963,3895,26,2018
1154,7236,117996.36088000036,23201,27,2018
1155,7236,489520.1774399882,115980,28,2018
1156,7236,1046914.3489999949,260889,29,2018
1157,7236,1047448.5161199969,261438,30,2018
1158,7236,233353.08063999895,57993,31,2018
1159,7236,538966.387679993,133562,31,2018
1160,7236,664181.3961999952,162725,32,2018
1161,7236,477694.5289599951,115161,33,2018
1162,7236,399882.2821999966,94349,34,2018
1163,7236,339213.6465599981,80075,35,2018
1164,7236,131368.25539999874,30655,35,2018
1165,7236,390202.8129999986,91131,36,2018
1166,7236,309296.2475200004,70696,37,2018
1167,7236,361815.04559999955,83022,38,2018
1168,7236,304116.56672000216,70488,39,2018
1169,7236,365971.0527999946,89819,40,2018
1170,7236,445670.9431999946,106432,41,2018
1171,7236,392486.0398399997,90465,42,2018
1172,7236,282065.6306000011,67344,43,2018
1173,7236,116295.77555999947,28378,44,2018
1174,7236,161475.30875999964,39265,44,2018
1175,7236,243841.6664000013,59973,45,2018
1176,7236,257586.15536000195,55851,46,2018
1177,7236,287763.08124000684,57055,47,2018
1178,7236,198504.16188000524,39694,48,2018
1179,7236,82613.57943999987,16776,48,2018
1180,7236,286089.44476001,51413,49,2018
1181,7236,283640.345320006,46928,50,2018
1182,7236,258240.927920002,40764,51,2018
1183,7236,287187.95396000333,45164,52,2018
1184,7236,261527.91839999912,41118,1,2019
1185,7236,293438.61839999945,45993,2,2019
1186,7236,271985.73119999847,42276,3,2019
1187,7236,244374.39119999632,37165,4,2019
1188,7236,148858.39679999635,22089,5,2019
1189,7236,122806.82879999644,18137,5,2019
1190,7236,262135.87919999234,38579,6,2019
1191,7236,275803.75919999334,40478,7,2019
1192,7236,280543.3295999933,41095,8,2019
1193,7236,163028.56559999537,23858,9,2019
1194,7236,123206.90879999606,18054,9,2019
1195,7236,294051.0767999963,43005,10,2019
1196,7236,273023.771999994,40022,11,2019
1197,7236,308628.51599999645,45242,12,2019
1198,7236,361261.84560000215,52892,13,2019
1199,7236,361179.55680000014,52910,14,2019
1200,7236,423542.94480000593,62174,15,2019
1201,7236,455453.9880000061,68508,16,2019
1202,7236,919672.3127999837,206690,17,2019
1203,7236,220629.98160001414,55547,18,2019
1204,7236,490552.25999999925,94270,18,2019
1205,7236,801554.9471999828,144455,19,2019
1206,7236,599359.3127999967,100761,20,2019
1207,7236,507160.2191999964,82237,21,2019
1208,7236,510123.1127999936,80493,22,2019
1209,7236,3483119.4504000116,610601,22,2019
1210,7236,557908.5407999838,88360,27,2019
1211,7236,602712.5063999792,93245,28,2019
1212,7236,634040.4743999764,96936,29,2019
1213,7236,700898.7479999978,134677,30,2019
1214,7236,211951.93439999846,40229,31,2019
1215,7236,245555.8535999963,37581,31,2019
1216,7236,499593.59519998706,75941,32,2019
1217,7236,629309.330399978,95060,33,2019
1218,7236,693184.5839999672,104784,34,2019
1219,7236,500240.3807999853,75234,35,2019
1220,7236,98676.09599999868,14848,35,2019
1221,7236,619352.647199976,93497,36,2019
1222,7236,771898.5071999885,142645,37,2019
1223,7236,531535.4447999995,88976,38,2019
1224,7236,459850.2431999823,70352,39,2019
1225,7236,66487.75680000358,10144,40,2019
1226,7236,500352.31199997955,75652,40,2019
1227,7236,528375.3407999775,79855,41,2019
1228,7236,571555.5839999741,86217,42,2019
1229,7236,579140.2151999722,89435,43,2019
1230,7236,277225.2887999915,42543,44,2019
1231,7236,194933.73839999462,29514,44,2019
1232,7236,442012.03439998033,66716,45,2019
1233,7236,450699.6335999799,68015,46,2019
1234,7236,403667.3519999818,61015,47,2019
1235,7236,352382.2847999815,53408,48,2019
1236,7236,55747.552800002304,8480,48,2019
1237,7236,392060.60159998265,59557,49,2019
1238,7236,481248.0984000024,90620,50,2019
1239,7236,486052.1472000028,83856,51,2019
1240,7236,421321.3439999947,66515,52,2019
1241,7236,298035.2903999979,43680,1,2020
1242,7236,424928.33040000236,59528,2,2020
1243,7236,419443.27680000215,58427,3,2020
1244,7236,410764.66320000537,57048,4,2020
1245,7236,393613.3392000055,73520,5,2020
1246,7236,189859.88879999335,39614,5,2020
1247,7236,499713.8040000027,81942,6,2020
1248,7236,448291.1904000019,62135,7,2020
1249,7236,477201.83279999945,66038,8,2020
1250,7236,410081.45760000206,56725,9,2020
1251,7236,71192.37600000146,9847,9,2020
1252,7236,656006.4383200099,104237,10,2020
1253,7236,586979.829600002,87296,11,2020
1254,7236,447837.62387999805,62426,12,2020
1255,7236,377077.2696000038,52460,13,2020
1256,7236,70358.87456000454,9802,14,2020
1257,7236,129405.84000000492,18033,14,2020
1258,7236,261553.55972894156,39754,15,2020
1259,7236,244804.71839999402,36027,16,2020
1260,7236,267795.80867458554,38213,17,2020
1261,7236,173920.9056000069,24813,18,2020
1262,7236,168169.13280000587,23969,18,2020
1263,7236,530447.8058724006,90367,19,2020
1264,7236,460902.2520000032,72679,20,2020
1265,7236,377339.128144617,53812,21,2020
1266,7236,526921.4880000325,75130,22,2020
1267,7236,673676.7239999931,115231,23,2020
1268,7236,853196.8445142037,134542,24,2020
1269,7236,748844.3136000197,107921,25,2020
1270,7236,713167.098328606,102063,26,2020
1271,7236,205814.89680000112,29314,27,2020
1272,7236,1228109.5584000053,179544,27,2020
1273,7236,1232670.3094236807,177443,28,2020
1274,7236,948710.7312000075,132999,29,2020
1275,7236,1137467.608692468,160710,30,2020
1276,7236,688650.0024000115,96115,31,2020
1277,7236,192678.29519999918,25410,31,2020
1278,7236,819048.583200019,107801,32,2020
1279,7236,674595.271808376,109791,33,2020
1280,7236,681827.1504000078,99326,34,2020
1281,7236,895946.7478357506,176715,35,2020
1282,7236,179709.38639999862,39042,36,2020
1283,7236,381097.04159999895,74681,36,2020
1284,7236,302756.9400000004,46227,37,2020
1285,7236,235128.11912389984,31223,38,2020
1286,7236,282272.8031999999,37327,39,2020
1287,7236,114567.76259703252,15153,40,2020
1288,7236,265401.37919999857,35056,40,2020
1289,7236,556701.1488000035,100566,41,2020
1290,7236,480489.1944000025,75087,42,2020
1291,7236,326886.3552000041,43430,43,2020
1292,7236,112732.4376,14881,44,2020
1293,7236,42132.604799999805,5585,44,2020
1294,7236,307719.11324000236,40722,45,2020
1295,7236,356607.68879999407,59604,46,2020
1296,7236,291837.29045199807,43310,47,2020
1297,7236,253162.28399999675,33387,48,2020
1298,7236,34629.34859339995,4566,49,2020
1299,7236,200587.3319999973,26431,49,2020
1300,7236,239263.39025799764,31505,50,2020
1301,7236,289089.81055599556,44894,51,2020
1302,7236,259253.16021799884,36628,52,2020
1303,7236,139126.25248600222,18236,53,2020
1304,7238,877271.9760960289,43255,20,2018
1305,7238,2088884.259875997,104729,21,2018
1306,7238,1226084.56523403,61352,22,2018
1307,7238,892867.2145800497,44656,22,2018
1308,7238,1978209.2641019886,98915,23,2018
1309,7238,1812378.6034260003,90665,24,2018
1310,7238,1555055.2954259997,77919,25,2018
1311,7238,855118.3463460191,42887,26,2018
1312,7238,85691.15018399795,4306,26,2018
1313,7238,477030.3912120122,23997,27,2018
1314,7238,371148.09771600564,18716,28,2018
1315,7238,169427.1095160002,8527,29,2018
1316,7238,125136.73333799913,6304,30,2018
1317,7238,29265.73896599984,1478,31,2018
1318,7238,72481.22777399968,3637,31,2018
1319,7238,164344.77116400024,8176,32,2018
1320,7238,56249.97660599987,2819,33,2018
1321,7238,28159.48188599993,1414,34,2018
1322,7238,20356.322189999973,1026,35,2018
1323,7238,7901.4994799999895,402,35,2018
1324,7238,16708.804247999997,855,36,2018
1325,7238,10838.686685999995,555,37,2018
1326,7238,6894.4204559999935,354,38,2018
1327,7238,5055.251687999999,269,39,2018
1328,7238,2780.9280660000013,143,40,2018
1329,7238,2823.693036000002,144,41,2018
1330,7238,2913.1785720000016,150,42,2018
1331,7238,2050.557390000001,113,43,2018
1332,7238,623.72676,33,44,2018
1333,7238,1274.8414380000006,65,44,2018
1334,7238,2881.6123920000023,146,45,2018
1335,7238,542844.2392620329,26997,46,2018
1336,7238,1669585.4648339923,81228,47,2018
1337,7238,934174.9665900484,46283,48,2018
1338,7238,299356.6761120166,14795,48,2018
1339,7238,1080679.1353260272,53407,49,2018
1340,7238,1339340.0503800046,66065,50,2018
1341,7238,929955.3934980377,45894,51,2018
1342,7238,827550.7237860281,40771,52,2018
1343,7238,424733.734439997,20515,1,2019
1344,7238,374565.05999999697,18150,2,2019
1345,7238,189274.9089599987,9085,3,2019
1346,7238,105075.65916000042,5019,4,2019
1347,7238,47758.31388000031,2279,5,2019
1348,7238,37281.64104,1774,5,2019
1349,7238,402847.8022799968,18905,6,2019
1350,7238,1528123.4135999861,75492,7,2019
1351,7238,1922089.186799978,95199,8,2019
1352,7238,1078474.9255199532,53464,9,2019
1353,7238,821206.6113599704,40671,9,2019
1354,7238,2066655.7155599827,102412,10,2019
1355,7238,1553190.8810399785,74572,11,2019
1356,7238,828148.4625599697,38674,12,2019
1357,7238,503052.99011999875,22723,13,2019
1358,7238,1540857.373560007,67266,14,2019
1359,7238,1119309.1171199428,50550,15,2019
1360,7238,1468145.7179999792,66417,16,2019
1361,7238,814670.2875599598,36795,17,2019
1362,7238,132985.42812000334,6002,18,2019
1363,7238,591229.805039965,26704,18,2019
1364,7238,1947878.0254800366,88177,19,2019
1365,7238,1611447.0998400166,72953,20,2019
1366,7238,1321789.8470399834,59836,21,2019
1367,7238,823552.6895999624,37284,22,2019
1368,7238,7803420.301800041,312896,22,2019
1369,7238,3242536.7108399896,138137,27,2019
1370,7238,2331296.7429600484,105391,28,2019
1371,7238,2016441.033840062,91161,29,2019
1372,7238,2540288.6352000567,114287,30,2019
1373,7238,949798.5040799336,42592,31,2019
1374,7238,1075580.3962799646,36776,31,2019
1375,7238,1988227.209240009,64539,32,2019
1376,7238,2382377.1847200273,75513,33,2019
1377,7238,2539118.1402000347,79747,34,2019
1378,7238,1996086.7551600176,62228,35,2019
1379,7238,353493.7923599933,11001,35,2019
1380,7238,2212301.28420004,69360,36,2019
1381,7238,2237712.9670800213,71920,37,2019
1382,7238,1930396.9640400177,62143,38,2019
1383,7238,1913346.3783600135,61782,39,2019
1384,7238,291542.39244000125,9375,40,2019
1385,7238,1966493.737800018,63895,40,2019
1386,7238,2262897.1443600296,73635,41,2019
1387,7238,2281350.1262400094,78578,42,2019
1388,7238,2252088.843480008,78239,43,2019
1389,7238,1271982.7306800203,45900,44,2019
1390,7238,992120.5396800924,37070,44,2019
1391,7238,2148916.878719991,76476,45,2019
1392,7238,1866579.6852000253,64965,46,2019
1393,7238,1826141.031,63611,47,2019
1394,7238,2052784.5872399497,73028,48,2019
1395,7238,338199.47532000527,12133,48,2019
1396,7238,2128284.5050799693,75961,49,2019
1397,7238,1915441.88075996,68144,50,2019
1398,7238,1899427.8841199563,67569,51,2019
1399,7238,2195852.7758399253,79058,52,2019
1400,7238,1580328.15659994,57075,1,2020
1401,7238,2270186.434439977,76341,2,2020
1402,7238,2253114.0838799933,68651,3,2020
1403,7238,1962847.5343199829,59839,4,2020
1404,7238,1373387.3445599836,41823,5,2020
1405,7238,592710.3097199921,18044,5,2020
1406,7238,2130723.8366399957,64515,6,2020
1407,7238,2181742.819919987,65923,7,2020
1408,7238,3119841.16919996,111638,8,2020
1409,7238,2076294.2806800099,68469,9,2020
1410,7238,253062.16452000465,7571,9,2020
1411,7238,2055829.6370310686,61267,10,2020
1412,7238,2481772.010400109,73980,11,2020
1413,7238,2451764.0063310848,73582,12,2020
1414,7238,2765234.877120021,98753,13,2020
1415,7238,577971.9325170069,21668,14,2020
1416,7238,875736.4935599826,26298,14,2020
1417,7238,1380845.451353686,38665,15,2020
1418,7238,1343771.6831999726,35729,16,2020
1419,7238,1480263.956281393,39278,17,2020
1420,7238,887321.0973599826,23527,18,2020
1421,7238,782635.6076399767,20741,18,2020
1422,7238,2333108.2245151456,76169,19,2020
1423,7238,1929335.9727599618,57330,20,2020
1424,7238,1582705.1716466034,41874,21,2020
1425,7238,2827271.751480043,92973,22,2020
1426,7238,2206258.466399935,65517,23,2020
1427,7238,2614912.184045063,70228,24,2020
1428,7238,3110071.9082398852,101569,25,2020
1429,7238,2318251.6393561726,67602,26,2020
1430,7238,538705.408679988,14254,27,2020
1431,7238,2069246.7752399237,54699,27,2020
1432,7238,4265427.364489215,130380,28,2020
1433,7238,2760360.9026400056,75457,29,2020
1434,7238,2531960.743844325,63127,30,2020
1435,7238,1956127.2213600203,48786,31,2020
1436,7238,697781.0005199985,17394,31,2020
1437,7238,3309300.213840056,105388,32,2020
1438,7238,2295230.802774768,65419,33,2020
1439,7238,2367692.3242799933,59713,34,2020
1440,7238,2403202.3734064843,60856,35,2020
1441,7238,426696.596279992,10860,36,2020
1442,7238,1001348.329319983,25490,36,2020
1443,7238,1125661.3585200112,28175,37,2020
1444,7238,1011923.9665912586,24784,38,2020
1445,7238,1105381.9782000042,27043,39,2020
1446,7238,413892.8787821797,10136,40,2020
1447,7238,982846.702800026,23969,40,2020
1448,7238,1682628.7536000174,41025,41,2020
1449,7238,1902402.0669600184,46392,42,2020
1450,7238,1729514.1945600156,42219,43,2020
1451,7238,545605.7813999949,13445,44,2020
1452,7238,199216.95695999695,5079,44,2020
1453,7238,1336935.5321218655,32908,45,2020
1454,7238,1239026.1202800183,29696,46,2020
1455,7238,1268322.3659998327,30340,47,2020
1456,7238,1754065.139039955,57577,48,2020
1457,7238,260634.65918083768,9276,49,2020
1458,7238,1112783.156279995,29295,49,2020
1459,7238,1211110.917015305,29055,50,2020
1460,7238,1173530.1356706182,29140,51,2020
1461,7238,1025101.1793156127,25462,52,2020
1462,7238,615030.0068474939,15299,53,2020
1463,7247,4377.366531720002,655,17,2018
1464,7247,870.2450038799998,130,18,2018
1465,7247,3804.6315955200025,571,18,2018
1466,7247,6196.934797620005,927,19,2018
1467,7247,7957.815771780013,1191,20,2018
1468,7247,8002.0505993400075,1296,21,2018
1469,7247,5982.638943540005,971,22,2018
1470,7247,9964.904829179986,1528,22,2018
1471,7247,65612.20237529997,10363,23,2018
1472,7247,167951.489359922,25779,24,2018
1473,7247,232230.65981262416,35366,25,2018
1474,7247,208564.78410012188,32643,26,2018
1475,7247,36800.12442750002,5496,26,2018
1476,7247,283338.6440115053,42218,27,2018
1477,7247,330490.4937516051,49328,28,2018
1478,7247,330359.73117840494,49140,29,2018
1479,7247,376430.8257754852,56067,30,2018
1480,7247,103769.19616854044,15461,31,2018
1481,7247,282899.1645908436,41936,31,2018
1482,7247,380277.2047573843,55509,32,2018
1483,7247,401696.59651590255,58185,33,2018
1484,7247,363002.59323636245,52787,34,2018
1485,7247,257771.99007546293,37600,35,2018
1486,7247,112913.27199726085,16437,35,2018
1487,7247,346440.5625567626,50552,36,2018
1488,7247,329147.1865789839,48172,37,2018
1489,7247,441295.31873531983,87470,38,2018
1490,7247,331385.3197720756,57698,39,2018
1491,7247,294716.13487175846,43610,40,2018
1492,7247,316672.0336772992,46545,41,2018
1493,7247,296263.8238912779,43337,42,2018
1494,7247,400726.2909127661,73980,43,2018
1495,7247,146985.63340272347,27026,44,2018
1496,7247,176048.63576160077,26332,44,2018
1497,7247,259034.011191061,38277,45,2018
1498,7247,287735.5387443599,42218,46,2018
1499,7247,294970.46725146065,43307,47,2018
1500,7247,209350.8182635777,31020,48,2018
1501,7247,97428.48213630104,14245,48,2018
1502,7247,302951.26778658165,43951,49,2018
1503,7247,322019.7305673609,46573,50,2018
1504,7247,320442.5617482618,46338,51,2018
1505,7247,272546.6746170014,39446,52,2018
1506,7247,278111.4347088068,40189,1,2019
1507,7247,312785.50259880006,45255,2,2019
1508,7247,377273.4996491902,54621,3,2019
1509,7247,304067.8022256012,44019,4,2019
1510,7247,178196.50898280568,25793,5,2019
1511,7247,140023.7919108043,20266,5,2019
1512,7247,335304.4814783954,48514,6,2019
1513,7247,319224.9283271986,46176,7,2019
1514,7247,311001.9696503986,45064,8,2019
1515,7247,177201.15706440512,25759,9,2019
1516,7247,135690.5906496033,19763,9,2019
1517,7247,293757.48899280047,43254,10,2019
1518,7247,319370.15522159875,47263,11,2019
1519,7247,329202.62184600014,48795,12,2019
1520,7247,334493.4585131985,49586,13,2019
1521,7247,346370.7454704,51446,14,2019
1522,7247,352262.2659191989,52400,15,2019
1523,7247,359523.48196799745,53516,16,2019
1524,7247,379991.5566047992,56581,17,2019
1525,7247,95307.2632008002,14176,18,2019
1526,7247,329367.12611039664,50256,18,2019
1527,7247,579900.5613575927,104960,19,2019
1528,7247,479707.6778675933,87885,20,2019
1529,7247,436179.02489279164,79967,21,2019
1530,7247,323659.7052443919,59377,22,2019
1531,7247,1546723.7455823913,243869,22,2019
1532,7247,331659.80540280684,49954,27,2019
1533,7247,329616.90301680815,49867,28,2019
1534,7247,349120.1114856077,52831,29,2019
1535,7247,362204.36320320657,54785,30,2019
1536,7247,125177.14755000308,18958,31,2019
1537,7247,168922.31779080516,25573,31,2019
1538,7247,280909.43004600686,42540,32,2019
1539,7247,307553.5954764084,46600,33,2019
1540,7247,308337.8753448069,46610,34,2019
1541,7247,262379.19869280513,39657,35,2019
1542,7247,47532.94547399907,7177,35,2019
1543,7247,309341.12002920685,46814,36,2019
1544,7247,319851.2615004073,48553,37,2019
1545,7247,306851.19431400666,46627,38,2019
1546,7247,295100.00326800754,44844,39,2019
1547,7247,43672.14094319952,6637,40,2019
1548,7247,258540.1731612034,39368,40,2019
1549,7247,318267.40107960755,48402,41,2019
1550,7247,321220.23635520815,48900,42,2019
1551,7247,321456.30418440874,48972,43,2019
1552,7247,172243.17321120424,26253,44,2019
1553,7247,135683.93424600342,20671,44,2019
1554,7247,313780.25871360936,47825,45,2019
1555,7247,355500.2645460028,59377,46,2019
1556,7247,326285.150637606,52246,47,2019
1557,7247,314150.8103244048,50606,48,2019
1558,7247,55781.011818000654,9151,48,2019
1559,7247,325762.13204640424,51687,49,2019
1560,7247,296831.320884007,46358,50,2019
1561,7247,292854.24327600724,45503,51,2019
1562,7247,304998.7896396066,47985,52,2019
1563,7247,267306.0767495992,39619,1,2020
1564,7247,453563.4942216078,74454,2,2020
1565,7247,389753.7603623944,58754,3,2020
1566,7247,341384.3495243836,48439,4,2020
1567,7247,209926.43995680654,29762,5,2020
1568,7247,98587.91260080315,13982,5,2020
1569,7247,311877.5482619893,43490,6,2020
1570,7247,311820.28118638723,43639,7,2020
1571,7247,310845.0616487908,43217,8,2020
1572,7247,267351.24313800264,37174,9,2020
1573,7247,47846.02954320073,6654,9,2020
1574,7247,332437.7521229027,46295,10,2020
1575,7247,359096.0847263893,50404,11,2020
1576,7247,387864.9630126509,55636,12,2020
1577,7247,432708.9099479803,61954,13,2020
1578,7247,146881.07307215995,21009,14,2020
1579,7247,291853.4685192008,41618,14,2020
1580,7247,333033.9653070484,46433,15,2020
1581,7247,332681.6803715786,44684,16,2020
1582,7247,424031.92312293145,65529,17,2020
1583,7247,197789.184961198,29256,18,2020
1584,7247,159874.5301019943,21197,18,2020
1585,7247,366376.8940601869,49880,19,2020
1586,7247,319844.65544639487,44721,20,2020
1587,7247,320149.643965332,42371,21,2020
1588,7247,372362.1684299781,50119,22,2020
1589,7247,408102.14574361296,61784,23,2020
1590,7247,515073.96644300944,82873,24,2020
1591,7247,492535.70326801477,79280,25,2020
1592,7247,504349.9700172101,81173,26,2020
1593,7247,127728.4979123959,20554,27,2020
1594,7247,318421.82143800554,44958,27,2020
1595,7247,424441.0948427396,56906,28,2020
1596,7247,431837.83389599936,56626,29,2020
1597,7247,382162.34311914665,51384,30,2020
1598,7247,299983.87344238395,45122,31,2020
1599,7247,122149.54778039017,19630,31,2020
1600,7247,387097.89448677807,55278,32,2020
1601,7247,321275.2091963021,43261,33,2020
1602,7247,340424.56866598694,45785,34,2020
1603,7247,449421.33634365315,74510,35,2020
1604,7247,77880.70160639711,14311,36,2020
1605,7247,214618.01102280125,39443,36,2020
1606,7247,252887.25666960215,46484,37,2020
1607,7247,241115.4451690708,44291,38,2020
1608,7247,203768.07408720147,31820,39,2020
1609,7247,70978.74279574901,9296,40,2020
1610,7247,177853.09580640198,23334,40,2020
1611,7247,316331.6519664001,41419,41,2020
1612,7247,327623.5604879996,42931,42,2020
1613,7247,314070.3796355997,41151,43,2020
1614,7247,79232.76831959937,13152,44,2020
1615,7247,58720.938947996925,10506,44,2020
1616,7247,331985.10480329697,49064,45,2020
1617,7247,277992.09776520607,36860,46,2020
1618,7247,273233.7098803177,35824,47,2020
1619,7247,295953.8756076052,38520,48,2020
1620,7247,48257.17541806671,6281,49,2020
1621,7247,356805.2068307871,55526,49,2020
1622,7247,317819.40693163296,44413,50,2020
1623,7247,283803.6709233221,36979,51,2020
1624,7247,276837.49750877125,36098,52,2020
1625,7247,219003.2726499698,28544,53,2020
